{"cameraMode":{"drawMode":0,"name":"Shaded","section":"Shading Mode"},"sceneLighting":false,"audioPlay":false,"sceneViewState":{"m_AlwaysRefresh":false,"showFog":true,"showSkybox":false,"showFlares":true,"showImageEffects":true,"showParticleSystems":true,"showVisualEffectGraphs":true,"m_FxEnabled":true},"in2DMode":false,"pivot":{"x":-2.1612205505371095,"y":0.7606812715530396,"z":6.745927810668945},"rotation":{"x":0.0863698273897171,"y":0.8709953427314758,"z":-0.1655314564704895,"w":0.45444706082344057},"size":0.012152459472417832,"orthographic":false}